{
    "Page 0": {
        "Coordinate 0": {
            "Area": [
                0.016527794519447036,
                0.06570335292728284,
                0.13141750040179997,
                0.24721351749649872
            ]
        },
        "Coordinate 1": {
            "BOM": [
                0.4099704174702667,
                0.06913977904412133,
                0.5248601233526197,
                0.2506499436133372
            ]
        },
        "Coordinate 2": {
            "IDENT": [
                0.5609267016232722,
                0.07715810665007786,
                0.6758164075056251,
                0.25866827121929375
            ]
        },
        "Coordinate 3": {
            "Area": [
                0.02404145572163288,
                0.7988075911861604,
                0.13893116160398583,
                0.9803177557553763
            ]
        },
        "Coordinate 4": {
            "Area": [
                0.847128887415622,
                0.22950633116325078,
                0.9620185932979749,
                0.4110164957324667
            ]
        }
    },
    "Page 1": {
        "Coordinate 0": {
            "Area": [
                0.01447861419157824,
                0.07143072978868038,
                0.12936832007393118,
                0.25294089435789624
            ]
        },
        "Coordinate 1": {
            "Area": [
                0.766527794519447,
                0.6796781524690927,
                0.8814175004017999,
                0.8611883170383087
            ]
        }
    }
}